[1,["fdoJXLgx1GAa2UhGATlj3o","26lmBw5IhFEoNfPtSkPGi6@f9941","e3EqNnW3pEc65dQKJX6+9j@f9941","05qoKiYtZOBrCVbKw6ExvJ","e7//cYQdVJfbVa9xIthBnc@f9941","36KA7z1UREg5+/jliItJEh@f9941","9cFMHw33ZJO7BllbGKipSZ","e5QmTUTBdFBLeaAnml2Jld@f9941","26lmBw5IhFEoNfPtSkPGi6@6c48a","36KA7z1UREg5+/jliItJEh@6c48a","e3EqNnW3pEc65dQKJX6+9j@6c48a","e5QmTUTBdFBLeaAnml2Jld@6c48a","e7//cYQdVJfbVa9xIthBnc@6c48a"],["node","_spriteFrame","_textureSource","_customMaterial","_cameraComponent","loginButton","loadingBar","scene","_parent","_font","worldSceneBGM","_normalSprite"],["cc.SpriteFrame",["cc.Sprite",["_sizeMode","_fillRange","_fillType","_type","node","_spriteFrame","_customMaterial"],-1,1,6,6],["cc.Node",["_name","_layer","_id","_components","_lpos","_parent","_children","_lscale"],0,9,5,1,2,5],["cc.Node",["_name","_layer","_active","_parent","_components","_lpos","_children"],0,1,12,5,2],["cc.Widget",["_alignFlags","_top","_bottom","_verticalCenter","_left","_originalWidth","_originalHeight","node"],-4,1],["cc.UITransform",["node","_contentSize","_anchorPoint"],3,1,5,5],["cc.Label",["_string","_fontSize","_lineHeight","_underlineHeight","_actualFontSize","_isSystemFontUsed","node","_customMaterial","_font"],-3,1,6,6],["cc.TTFFont",["_name","_native"],1],["cc.SceneAsset",["_name"],2],["cc.Canvas",["node","_cameraComponent"],3,1,1],["5f4845Bus5AQoZakK7KAXht",["node","loadingBar","loginButton","worldSceneBGM"],3,1,1,1,6],["cc.UIOpacity",["node"],3,1],["cc.Scene",["_name","_children","_prefab","_globals"],2,2,4,4],["cc.PrefabInfo",["root","asset","fileId","instance","targetOverrides","nestedPrefabInstanceRoots"],-3],["cc.SceneGlobals",["ambient","shadows","_skybox","fog","octree","lightProbeInfo"],3,4,4,4,4,4,4],["cc.AmbientInfo",["_skyIllumLDR","_skyColorHDR","_skyColorLDR"],2,5,5],["cc.ShadowsInfo",["_size"],3,5],["cc.SkyboxInfo",[],3],["cc.FogInfo",["_fogColor"],3,5],["cc.OctreeInfo",[],3],["cc.LightProbeInfo",[],3],["cc.Camera",["_projection","_priority","_fov","_orthoHeight","_far","_visibility","node","_color"],-3,1,5],["cc.Button",["_transition","_zoomScale","node","clickEvents","_normalColor","_hoverColor","_pressedColor","_target"],1,1,9,5,5,5,1],["cc.ClickEvent",["_componentId","handler","target"],1,1],["cc.ProgressBar",["_totalLength","_progress","node","_barSprite"],1,1,1],["cc.AudioClip",["_name","_native","_duration"],0]],[[11,0,1],[5,0,1,1],[2,0,1,5,3,4,3],[3,0,1,3,4,5,3],[4,0,3,7,3],[7,0,1,3],[8,0,2],[2,0,1,2,6,3,4,4],[2,0,1,5,3,3],[2,0,1,5,3,4,7,3],[3,0,1,3,6,4,5,3],[3,0,2,1,3,6,4,5,4],[9,0,1,1],[10,0,1,2,3,1],[4,0,1,2,7,4],[4,0,4,5,6,7,5],[5,0,1,2,1],[1,0,4,6,5,2],[1,0,1,4,5,3],[1,2,0,4,6,5,3],[1,0,4,5,2],[1,3,0,1,4,4],[6,0,4,1,2,5,3,6,7,8,7],[6,0,1,2,3,6,5],[12,0,1,2,3,2],[13,0,1,2,3,4,5,7],[14,0,1,2,3,4,5,1],[15,0,1,2,2],[16,0,1],[17,1],[18,0,1],[19,1],[20,1],[21,0,1,2,3,4,5,6,7,7],[22,0,1,2,3,4,5,6,7,3],[23,0,1,2,3],[24,0,1,2,3,3],[25,0,1,2,4]],[[[[5,"ComingSoon-Regular","ComingSoon-Regular.ttf"],-1],0,0,[],[],[]],[[[6,"Login"],[7,"Canvas",33554432,"c70Gu0MzlBTJQPrzgPzVgf",[-9,-10,-11,-12,-13],[[12,-2,-1],[13,-5,-4,-3,8],[14,45,5.684341886080802e-14,5.684341886080802e-14,-6],[0,-7],[1,-8,[5,640,1136]]],[1,320,568,0]],[10,"loginButton",1,1,[-19],[[[17,0,-14,4,5],-15,[4,18,-100,-16],[0,-17],[1,-18,[5,427,150]]],4,1,4,4,4],[1,0,-100,0]],[11,"loadingProgress",false,1,1,[-24,-25],[[[18,0,1,-20,7],-21,[0,-22],[1,-23,[5,300,55]]],4,1,4,4],[1,1,-304.162,0]],[8,"background",1,1,[[19,1,0,-26,0,1],[0,-27],[1,-28,[5,640,1136]],[15,45,-2.6867397195928788e-14,828,1136,-29]]],[2,"New Label",1,2,[[22,"PLAY",60,60,60,false,0,-30,2,3],[4,18,0.058,-31],[0,-32],[1,-33,[5,135.35,75.6]]],[1,0,0.058,0]],[3,"Main Camera",1,1,[[-34,[0,-35],[1,-36,[5,0,0]]],1,4,4],[1,0,0,1000]],[3,"bar",1,3,[[-37,[0,-38],[16,-39,[5,300,53],[0,0,0.5]]],1,4,4],[1,-150,0,0]],[2,"tip",1,3,[[23,"",30,30,0,-40],[0,-41],[1,-42,[5,240,30]]],[1,-2,2,0]],[9,"Title",1,1,[[1,-43,[5,412,176]],[20,0,-44,6]],[1,0,149,0],[1,1.2,1.2,1]],[24,"Login",[1],[25,null,null,"09dc4332-638e-4828-b232-b4d2a0363ad2",null,null,null],[26,[27,0.78125,[2,0.2,0.5019607843137255,0.8,0.520833125],[2,0.2,0.5019607843137255,0.8,0.520833125]],[28,[0,512,512]],[29],[30,[4,4292993505]],[31],[32]]],[33,0,-1,60,568,4094.9,4294967295,6,[4,4278190080]],[34,3,0.9,2,[[35,"5f4845Bus5AQoZakK7KAXht","onLogin",1]],[4,4292269782],[4,4294967295],[4,4292072403],2],[21,3,0,1,7],[36,300,1,3,13]],0,[0,4,11,0,0,1,0,5,12,0,6,14,0,0,1,0,0,1,0,0,1,0,0,1,0,-1,6,0,-2,4,0,-3,2,0,-4,9,0,-5,3,0,0,2,0,-2,12,0,0,2,0,0,2,0,0,2,0,-1,5,0,0,3,0,-2,14,0,0,3,0,0,3,0,-1,7,0,-2,8,0,0,4,0,0,4,0,0,4,0,0,4,0,0,5,0,0,5,0,0,5,0,0,5,0,-1,11,0,0,6,0,0,6,0,-1,13,0,0,7,0,0,7,0,0,8,0,0,8,0,0,8,0,0,9,0,0,9,0,7,10,1,8,10,44],[0,0,0,0,0,0,0,0,0,12,13],[3,1,3,9,3,1,1,1,10,11,1],[0,2,0,3,0,1,4,5,6,1,7]],[[{"name":"button","rect":{"x":1,"y":0,"width":426,"height":190},"offset":{"x":0.5,"y":0},"originalSize":{"width":427,"height":190},"rotated":false,"capInsets":[0,0,0,0],"vertices":{"rawPosition":[-213,-95,0,213,-95,0,-213,95,0,213,95,0],"indexes":[0,1,2,2,1,3],"uv":[1,190,427,190,1,0,427,0],"nuv":[0.00234192037470726,0,1,0,0.00234192037470726,1,1,1],"minPos":{"x":-213,"y":-95,"z":0},"maxPos":{"x":213,"y":95,"z":0}},"packable":true,"pixelsToUnit":100,"pivot":{"x":0.5,"y":0.5},"meshType":0}],[0],0,[0],[2],[8]],[[{"name":"barbg","rect":{"x":0,"y":0,"width":300,"height":50},"offset":{"x":0,"y":1.5},"originalSize":{"width":300,"height":53},"rotated":false,"capInsets":[0,0,0,0],"vertices":{"rawPosition":[-150,-25,0,150,-25,0,-150,25,0,150,25,0],"indexes":[0,1,2,2,1,3],"uv":[0,53,300,53,0,3,300,3],"nuv":[0,0.05660377358490566,1,0.05660377358490566,0,1,1,1],"minPos":{"x":-150,"y":-25,"z":0},"maxPos":{"x":150,"y":25,"z":0}},"packable":true,"pixelsToUnit":100,"pivot":{"x":0.5,"y":0.5},"meshType":0}],[0],0,[0],[2],[9]],[[[37,"bgm",".mp3",34.481571],-1],0,0,[],[],[]],[[{"name":"bg","rect":{"x":0,"y":0,"width":828,"height":1438},"offset":{"x":0,"y":0},"originalSize":{"width":828,"height":1438},"rotated":false,"capInsets":[0,0,0,0],"vertices":{"rawPosition":[-414,-719,0,414,-719,0,-414,719,0,414,719,0],"indexes":[0,1,2,2,1,3],"uv":[0,1438,828,1438,0,0,828,0],"nuv":[0,0,1,0,0,1,1,1],"minPos":{"x":-414,"y":-719,"z":0},"maxPos":{"x":414,"y":719,"z":0}},"packable":true,"pixelsToUnit":100,"pivot":{"x":0.5,"y":0.5},"meshType":0}],[0],0,[0],[2],[10]],[[{"name":"bar","rect":{"x":0,"y":0,"width":300,"height":50},"offset":{"x":0,"y":1.5},"originalSize":{"width":300,"height":53},"rotated":false,"capInsets":[0,0,0,0],"vertices":{"rawPosition":[-150,-25,0,150,-25,0,-150,25,0,150,25,0],"indexes":[0,1,2,2,1,3],"uv":[0,53,300,53,0,3,300,3],"nuv":[0,0.05660377358490566,1,0.05660377358490566,0,1,1,1],"minPos":{"x":-150,"y":-25,"z":0},"maxPos":{"x":150,"y":25,"z":0}},"packable":true,"pixelsToUnit":100,"pivot":{"x":0.5,"y":0.5},"meshType":0}],[0],0,[0],[2],[11]],[[{"name":"HomeTitle","rect":{"x":1,"y":21,"width":431,"height":152},"offset":{"x":0.5,"y":-5.5},"originalSize":{"width":432,"height":183},"rotated":false,"capInsets":[0,0,0,0],"vertices":{"rawPosition":[-215.5,-76,0,215.5,-76,0,-215.5,76,0,215.5,76,0],"indexes":[0,1,2,2,1,3],"uv":[1,162,432,162,1,10,432,10],"nuv":[0.0023148148148148147,0.0546448087431694,1,0.0546448087431694,0.0023148148148148147,0.8852459016393442,1,0.8852459016393442],"minPos":{"x":-215.5,"y":-76,"z":0},"maxPos":{"x":215.5,"y":76,"z":0}},"packable":true,"pixelsToUnit":100,"pivot":{"x":0.5,"y":0.5},"meshType":0}],[0],0,[0],[2],[12]]]]
